<?xml version="1.0" encoding="UTF-8"?>
<project-private xmlns="http://www.netbeans.org/ns/project-private/1">
    <editor-bookmarks xmlns="http://www.netbeans.org/ns/editor-bookmarks/2" lastBookmarkId="0"/>
    <open-files xmlns="http://www.netbeans.org/ns/projectui-open-files/2">
        <group>
            <file>file:/F:/SignLanguage/src/com/signLanguage/iplib/MatchingStrategy.java</file>
            <file>file:/F:/SignLanguage/src/com/signLanguage/ClassLib/MatToBufImg.java</file>
            <file>file:/F:/SignLanguage/src/com/virtual/signlanguage/SignLanguage.java</file>
            <file>file:/F:/SignLanguage/src/com/signLanguage/iplib/Utilities.java</file>
            <file>file:/F:/SignLanguage/src/com/signLanguage/iplib/ObjectRecognizer.java</file>
        </group>
    </open-files>
</project-private>
